{"55":0.8499999996700164,"53":0.0,"54":1.1785941611312695e-11,"51":0.0}