{"input_potential_only": [7.04448574931325, 4.426109774507964, 6.148299600426132, 2.9065885914919853, 1.1969604196703312, 1.4556964792682838, 3.7715325864380365, 0.15589328666286661, 3.85749690196878, 1.1510500440891, 0.3279466433314333, 7.505067586356507, 5.091238428169477, 3.0407698971928183, 3.3841023396183054, 2.212939880448933, 2.1513011150857633, 4.0898138022225385, 3.5994792297694698, 0.6558932866628666, 11.781977953653797, 8.518873257172867, 7.819746336722073, 6.865008787102296, 5.092965959330349, 4.632139530420432, 2.8977662769507777, 2.094802018166252, 3.088178600483616, 3.8121332133093393, 0.5199836398564082, 2.3348349004295423, 0.9838399299942999, 10.241855981769014, 9.494102258255698, 10.179208072643604, 7.073860258285038, 4.848722371814029, 3.838860137000937, 2.494697540150799, 6.058932866628666, 3.3018773637498953, 4.245707088885407, 4.230986223297233, 21.20340079732845, 17.94845834144438, 12.047543956895566, 12.3974050579615, 10.529965740286976, 9.189478500459622, 8.18091697593114, 7.099892281905863, 7.366280340766771, 4.664459670431832, 5.106744093523101, 3.0632909750859127, 1.88981704198018, 1.9676798599885998, 16.637283247731773, 14.59685270134078, 14.09724388635987, 12.101235917015398, 9.80588883158143, 8.753298344859799, 6.071794995997841, 7.689416137816597, 6.148299600426132, 3.163628706169444, 3.6505908268136658, 4.185443545300213, 1.4676798599885998, 19.430789415089336, 14.676871491275833, 11.38158919842618, 9.406392593635509, 9.658606473830034, 8.23494423745005, 5.832688647090897, 6.304076260501452, 5.097503867069928, 5.680800349664631, 1.5311190481164791, 2.247146293302933, 18.92984101418763, 17.569385522705183, 16.152831838124342, 13.693031561281533, 11.028135350957378, 10.725695911763314, 9.017425143791055, 8.379042851639227, 7.9999635537700104, 6.160900130051843, 5.533905937153294, 4.65064671032667, 2.0235990636423855, 3.7371253167010856, 4.091253006640066], "both_input_and_output": [2.284411724219094, 1.169799386134736, 3.1969482712480577, 1.315284560793443, 3.552713678800501e-15, 0.9335017940240133, 3.3492382826542464, 1.0702705388609957e-10, 3.4036551093027327, 0.9706198217359492, 0.17380599504683025, 2.8711835167913815, 1.7297697435220583, 0.6520154530816638, 1.0829798090689762, 0.3236873436401835, 0.5599970843872208, 2.831511043058933, 3.1456374371034226, 0.500000000107027, 1.5010933741646326, 1.1876788881747515, 1.2597128070680217, 1.8472969361363738, 1.4055065562329387, 1.3758291420472037, 1.3064622462522353, 0.7734042812381325, 1.8912181808132882, 3.132201083653783, 0.26944788665379704, 2.101825529939296, 0.8244413668959871, 1.41215589086368, 1.1796778190938983, 3.161735954196823, 2.313786233190882, 2.2794461857655133, 2.102087129789764, 1.4712483093328856, 5.571790946809127, 1.5651043565387228, 2.8594617359215366, 3.7771444306311857, 0.6695823311056905, 1.7050983632086023, -1.7763568394002505e-15, 1.7361979736140114, 0.8064201310510217, 1.043307335336527, 0.6902325242505007, 0.38913186092547036, 2.979518267445993, 2.0022936560077813, 3.5154400628245597, 2.465732844178472, 1.5989706085391289, 1.7872496376354494, 1.787270695129024, 0.8597654509732156, 0.5774837816256326, 1.0526957747246417, 0.8009249135524463, 1.7358262264130175, 0.6544816191899949, 2.9293421127224413, 3.1969482712480577, 1.5723246754709015, 2.5132201083653793, 3.6983016254806724, 1.2872496376354494, 2.2234783876734774, 2.0088935863625395, 1.6580435891902265, 1.0919681544737099, 1.512435308706939, 1.6749107077959984, -3.552713678800501e-15, 2.6166168574040416, 2.7963813365206, 4.294554996700761, 1.008924362872209, 1.8826890524699493, 1.4771606287986607, 1.797485239432028, 1.5289096225111027, 1.6454876043859645, 1.3045897417214238, 1.3649464246733167, 0.7030007046292557, 0.8883583999585873, 2.3074859683780318, 1.8950700974463857, 2.4826542265147378, 2.601904090835399, 1.000149832824473, 2.8714135302944594, 3.7776222756729414]}