{"input_potential_only": [18.317460317457467, 18.317460317457467, 18.317460317457467, 18.317460317457467, 18.317460317457467, 18.619047619045368, 18.119047619045368, 19.119047619045368, 17.119047619045368, 19.119047619045368, 18.07142857142722, 15.07142857142722, 17.57142857142722, 17.07142857142722, 17.07142857142722, 3.499999999999993, 2.999999999999993, -7.105427357601002e-15, 5.999999999999993, 1.499999999999993, 23.230158730160667, 20.730158730160667, 15.730158730160667, 25.230158730160667, 25.230158730160667, 16.738095238100172, 23.238095238100172, 17.238095238100172, 18.238095238100172, 14.238095238100172, 9.407585821463726e-12, 6.000000000009408, 10.000000000009408, 11.500000000009408, 5.500000000009408], "both_input_and_output": [18.317460317457467, 18.317460317457467, 18.317460317457467, 18.317460317457467, 18.317460317457467, 18.619047619045368, 18.119047619045368, 19.119047619045368, 17.119047619045368, 19.119047619045368, 18.07142857142722, 15.07142857142722, 17.57142857142722, 17.07142857142722, 17.07142857142722, 3.499999999999993, 2.999999999999993, -7.105427357601002e-15, 5.999999999999993, 1.499999999999993, 23.230158730160667, 20.730158730160667, 15.730158730160667, 25.230158730160667, 25.230158730160667, 16.738095238100172, 23.238095238100172, 17.238095238100172, 18.238095238100172, 14.238095238100172, 9.407585821463726e-12, 6.000000000009408, 10.000000000009408, 11.500000000009408, 5.500000000009408]}