{"input_potential_only": [10.202247191011145, 7.7022471910111445, 7.7022471910111445, 7.7022471910111445, 7.7022471910111445, 10.202247191011145, 10.202247191011145, 10.202247191011145, 7.7022471910111445, 7.7022471910111445, 10.202247191011145, 7.7022471910111445, 7.7022471910111445, 7.7022471910111445, 10.202247191011145, 7.303370786516716, 15.303370786516716, 7.303370786516716, 9.803370786516716, 9.803370786516716, 9.803370786516716, 7.303370786516716, 9.803370786516716, 9.803370786516716, 9.803370786516716, 7.303370786516716, 7.303370786516716, 7.303370786516716, 9.803370786516716, 9.803370786516716, 12.455056179775074, 12.455056179775074, 22.955056179775074, 14.955056179775074, 12.455056179775074, 6.955056179775074, 14.955056179775074, 14.955056179775074, 12.455056179775074, 22.955056179775074, 14.955056179775074, 22.955056179775074, 12.455056179775074, 12.455056179775074, 22.955056179775074, 17.932584269662613, 12.932584269662613, 9.932584269662613, 10.432584269662613, 18.432584269662613, 9.932584269662613, 7.9325842696626125, 9.432584269662613, 12.932584269662613, 12.432584269662613, 9.432584269662613, 34.43258426966261, 17.932584269662613, 17.932584269662613, 9.932584269662613, 18.511235955055724, 26.011235955055724, 26.011235955055724, 26.011235955055724, 1.5112359550557244, 26.511235955055724, 15.511235955055724, 10.011235955055724, 17.511235955055724, 26.011235955055724, 7.511235955055724, 15.011235955055724, 4.011235955055724, 18.011235955055724, 15.511235955055724, 4.516853932583587, 11.016853932583587, 14.016853932583587, 13.016853932583587, 4.516853932583587, 3.0168539325835866, 8.016853932583587, 12.516853932583587, 15.516853932583587, 3.0168539325835866, 6.016853932583587, 11.016853932583587, 35.01685393258359, 35.01685393258359, 10.516853932583587, 7.27528089887538, 19.27528089887538, 18.27528089887538, 13.77528089887538, 10.77528089887538, 28.27528089887538, 10.77528089887538, 10.27528089887538, 19.77528089887538, 10.27528089887538, 12.27528089887538, 14.27528089887538, 31.77528089887538, 4.77528089887538, 1.2752808988753799], "both_input_and_output": [8.926966292135749, 6.426966292135749, 6.426966292135749, 6.426966292135749, 6.426966292135749, 8.926966292135749, 8.926966292135749, 8.926966292135749, 6.426966292135749, 6.426966292135749, 8.926966292135749, 6.426966292135749, 6.426966292135749, 6.426966292135749, 8.926966292135749, 6.02808988764132, 14.02808988764132, 6.02808988764132, 8.52808988764132, 8.52808988764132, 8.52808988764132, 6.02808988764132, 8.52808988764132, 8.52808988764132, 8.52808988764132, 6.02808988764132, 6.02808988764132, 6.02808988764132, 8.52808988764132, 8.52808988764132, 11.17977528089968, 11.17977528089968, 21.67977528089968, 13.67977528089968, 11.17977528089968, 5.67977528089968, 13.67977528089968, 13.67977528089968, 11.17977528089968, 21.67977528089968, 13.67977528089968, 21.67977528089968, 11.17977528089968, 11.17977528089968, 21.67977528089968, 16.65730337078722, 11.657303370787218, 8.657303370787218, 9.157303370787218, 17.15730337078722, 8.657303370787218, 6.6573033707872185, 8.157303370787218, 11.657303370787218, 11.157303370787218, 8.157303370787218, 33.15730337078722, 16.65730337078722, 16.65730337078722, 8.657303370787218, 17.23595505618033, 24.73595505618033, 24.73595505618033, 24.73595505618033, 0.2359550561803303, 25.23595505618033, 14.23595505618033, 8.73595505618033, 16.23595505618033, 24.73595505618033, 6.23595505618033, 13.73595505618033, 2.7359550561803303, 16.73595505618033, 14.23595505618033, 3.2415730337081925, 9.741573033708192, 12.741573033708192, 11.741573033708192, 3.2415730337081925, 1.7415730337081925, 6.7415730337081925, 11.241573033708192, 14.241573033708192, 1.7415730337081925, 4.7415730337081925, 9.741573033708192, 33.74157303370819, 33.74157303370819, 9.241573033708192, 5.999999999999986, 17.999999999999986, 16.999999999999986, 12.499999999999986, 9.499999999999986, 26.999999999999986, 9.499999999999986, 8.999999999999986, 18.499999999999986, 8.999999999999986, 10.999999999999986, 12.999999999999986, 30.499999999999986, 3.499999999999986, -1.4210854715202004e-14]}