{"fid":"append2","typing_context":{"([], [])":0.6229729729125374,"([], [::(*)])":0.0,"([::(*)], [])":0.674903474902649},"return_type":{"[]":0.0,"[::(*)]":0.019691119688463852}}