{"input_potential_only": [52.36071428567513, 52.36071428567513, 59.36071428567513, 52.36071428567513, 48.86071428567513, 52.78392857138556, 59.78392857138556, 78.28392857138556, 61.78392857138556, 89.28392857138556, 98.21339285709104, 110.71339285709104, 122.21339285709104, 80.71339285709104, 130.71339285709104, 183.70803571421385, 175.70803571421385, 190.70803571421385, 138.20803571421385, 202.20803571421385, 213.44642857131316, 298.94642857131316, 240.94642857131316, 175.94642857131316, 266.44642857131316, 451.4196428569271, 263.9196428569271, 463.4196428569271, 730.4196428569271, 524.9196428569271], "both_input_and_output": [17.171428571418083, 17.171428571418083, 24.171428571418083, 17.171428571418083, 13.671428571418083, -1.4210854715202004e-14, 6.999999999999986, 25.499999999999986, 8.999999999999986, 36.499999999999986, 19.0375000000127, 31.5375000000127, 43.0375000000127, 1.5375000000126988, 51.5375000000127, 64.94419642859634, 56.94419642859634, 71.94419642859634, 19.444196428596342, 83.44419642859634, 37.50000000002797, 123.00000000002797, 65.00000000002797, 2.7966962079517543e-11, 90.50000000002797, 187.49999999999932, -6.821210263296962e-13, 199.49999999999932, 466.4999999999993, 260.9999999999993]}