{"input_potential_only": [17.437681309550534, 16.437681309550534, 11.937681309550534, 17.437681309550534, 14.437681309550534, 17.437681309550534, 15.937681309550534, 16.937681309550534, 14.937681309550534, 15.437681309550534, 18.937681309550534, 17.937681309550534, 19.437681309550534, 19.437681309550534, 18.437681309550534, 20.934619767890645, 22.934619767890645, 20.434619767890645, 23.934619767890645, 19.434619767890645, 21.434619767890645, 23.934619767890645, 19.934619767890645, 24.434619767890645, 21.934619767890645, 23.434619767890645, 24.434619767890645, 23.934619767890645, 23.434619767890645, 22.934619767890645, 31.15264970985686, 31.15264970985686, 28.15264970985686, 19.15264970985686, 30.65264970985686, 31.15264970985686, 29.15264970985686, 27.15264970985686, 31.15264970985686, 26.65264970985686, 24.15264970985686, 22.65264970985686, 18.65264970985686, 26.65264970985686, 25.65264970985686, 46.4180946953323, 24.4180946953323, 38.9180946953323, 24.4180946953323, 41.4180946953323, 37.4180946953323, 29.9180946953323, 44.4180946953323, 41.4180946953323, 40.4180946953323, 13.9180946953323, 36.9180946953323, 39.9180946953323, 37.9180946953323, 33.4180946953323, 54.937681309481775, 46.937681309481775, 32.437681309481775, 51.937681309481775, 62.437681309481775, 35.437681309481775, 47.437681309481775, 11.937681309481775, 56.937681309481775, 58.437681309481775, 64.43768130948177, 24.937681309481775, 49.437681309481775, 46.437681309481775, 43.937681309481775, 32.85896705334369, 78.85896705334369, 55.85896705334369, 59.85896705334369, 69.85896705334369, 75.35896705334369, 60.85896705334369, 65.35896705334369, 58.85896705334369, 45.35896705334369, 74.35896705334369, 52.35896705334369, 18.85896705334369, 63.85896705334369, 75.85896705334369, 115.3064520305378, 89.3064520305378, 54.8064520305378, 97.8064520305378, 128.3064520305378, 49.3064520305378, 78.3064520305378, 106.8064520305378, 24.3064520305378, 18.3064520305378, 114.8064520305378, 116.8064520305378, 133.3064520305378, 38.3064520305378, 137.8064520305378, 167.43768130948183, 226.93768130948183, 184.43768130948183, 11.937681309481832, 165.43768130948183, 199.93768130948183, 212.93768130948183, 75.43768130948183, 184.43768130948183, 202.93768130948183, 217.43768130948183, 250.93768130948183, 139.43768130948183, 220.93768130948183, 156.43768130948183], "both_input_and_output": [5.500000000068782, 4.500000000068782, 6.87823131784171e-11, 5.500000000068782, 2.5000000000687823, 5.500000000068782, 4.000000000068782, 5.000000000068782, 3.0000000000687823, 3.5000000000687823, 7.000000000068782, 6.000000000068782, 7.500000000068782, 7.500000000068782, 6.500000000068782, 8.996938458408891, 10.996938458408891, 8.496938458408891, 11.996938458408891, 7.496938458408891, 9.496938458408891, 11.996938458408891, 7.996938458408891, 12.496938458408891, 9.996938458408891, 11.496938458408891, 12.496938458408891, 11.996938458408891, 11.496938458408891, 10.996938458408891, 19.214968400375106, 19.214968400375106, 16.214968400375106, 7.214968400375106, 18.714968400375106, 19.214968400375106, 17.214968400375106, 15.214968400375106, 19.214968400375106, 14.714968400375106, 12.214968400375106, 10.714968400375106, 6.714968400375106, 14.714968400375106, 13.714968400375106, 34.480413385850554, 12.480413385850554, 26.980413385850554, 12.480413385850554, 29.480413385850554, 25.480413385850554, 17.980413385850554, 32.480413385850554, 29.480413385850554, 28.480413385850554, 1.9804133858505537, 24.980413385850554, 27.980413385850554, 25.980413385850554, 21.480413385850554, 43.00000000000003, 35.00000000000003, 20.50000000000003, 40.00000000000003, 50.50000000000003, 23.50000000000003, 35.50000000000003, 2.842170943040401e-14, 45.00000000000003, 46.50000000000003, 52.50000000000003, 13.000000000000028, 37.50000000000003, 34.50000000000003, 32.00000000000003, 20.921285743861944, 66.92128574386194, 43.921285743861944, 47.921285743861944, 57.921285743861944, 63.421285743861944, 48.921285743861944, 53.421285743861944, 46.921285743861944, 33.421285743861944, 62.421285743861944, 40.421285743861944, 6.921285743861944, 51.921285743861944, 63.921285743861944, 103.36877072105602, 77.36877072105602, 42.86877072105602, 85.86877072105602, 116.36877072105602, 37.36877072105602, 66.36877072105602, 94.86877072105602, 12.368770721056023, 6.368770721056023, 102.86877072105602, 104.86877072105602, 121.36877072105602, 26.368770721056023, 125.86877072105602, 155.5000000000001, 215.0000000000001, 172.5000000000001, 1.1368683772161603e-13, 153.5000000000001, 188.0000000000001, 201.0000000000001, 63.500000000000114, 172.5000000000001, 191.0000000000001, 205.5000000000001, 239.0000000000001, 127.50000000000011, 209.0000000000001, 144.5000000000001]}