{"fid":"quicksort2","typing_context":{"[]":0.0,"[::(*)]":3.316237567340611,"[::(*); ::(*)]":0.032420741815201694},"return_type":{"[]":11.937681309481752,"[::(*)]":0.0,"[::(*); ::(*)]":0.0}}