{"fid":"linear_select2","typing_context":{"(*, [])":0.0,"(*, [::(*)])":1.275280898876393},"return_type":{"*":1.2752808988753954},"analysis_time":0.1737099999999998}