{"fid":"append","typing_context":{"([], [])":0.0,"([], [::(*)])":-1.6137430609197575e-13,"([::(*)], [])":0.849999999995983},"return_type":{"[]":0.0,"[::(*)]":0.0}}