{"13":0.8499999999994591,"12":0.849999999999459,"11":0.0,"9":0.0,"4":0.8499999999991771,"5":0.0}