{"13":0.84999999999603,"12":0.8499999999960299,"11":4.962899439299104e-13,"9":0.0,"4":0.849999999995983,"5":-1.6137430609197575e-13}