{"fid":"bubble_sort2","typing_context":{"[]":35.28571428567796,"[::(*)]":0.0,"[::(*); ::(*)]":1.2348214285713273},"return_type":{"[]":0.0,"[::(*)]":4.398660714282131,"[::(*); ::(*)]":0.0}}