{"fid":"z_algorithm","typing_context":{"[]":0.0,"[::(*)]":1.8499999996484515},"return_type":{"[]":0.0,"[::(*)]":0.0},"analysis_time":0.13253800000000027}