{"fid":"insertion_sort_second_time2","typing_context":{"[]":0.3124999999980476,"[::(*)]":0.6031250000001614},"return_type":{"[]":0.0,"[::(*)]":0.0}}