{"fid":"concat2","typing_context":{"[]":3.364641852648536,"[::([])]":5.045451420081629e-10,"[::([::(*)])]":0.5696980336936928,"[::([]); ::([])]":0.03265449434233899},"return_type":{"[]":0.0,"[::(*)]":0.0,"[::(*); ::(*)]":0.0},"analysis_time":0.004191000000000278}