{"input_potential_only": [0.27258687252313374, 0.6225868725231334, 0.6725868725231336, 0.47258687252313347, 0.8225868725231336, 0.6725868725231336, 0.9725868725231335, 0.9725868725231335, 1.1725868725231336, 0.47258687252313347, 0.8225868725231336, 0.9725868725231335, 1.0223938223284308, 1.5223938223284308, 1.3223938223284306, 1.3723938223284309, 0.6723938223284307, 1.3223938223284306, 1.222393822328431, 1.3223938223284306, 1.3223938223284306, 1.6723938223284307, 0.8223938223284306, 1.5223938223284308, 1.1971042470363784, 0.8471042470363779, 1.3971042470363786, 1.547104247036378, 1.1471042470363786, 1.3471042470363788, 1.1471042470363786, 1.047104247036378, 1.047104247036379, 1.6971042470363784, 1.047104247036378, 1.4971042470363782, 1.8967181466469736, 1.5467181466469748, 1.6967181466469743, 1.8467181466469729, 0.7467181466469732, 1.4467181466469734, 1.8967181466469727, 1.3967181466469736, 1.5967181466469729, 1.546718146646974, 1.8967181466469736, 0.8467181466469729, 2.021042470965517, 2.2710424709655186, 2.0710424709655175, 1.7710424709655186, 0.5710424709655193, 2.8210424709655175, 2.2710424709655186, 1.921042470965519, 2.221042470965518, 1.1210424709655182, 1.0210424709655204, 1.7210424709655179, 2.570077219992008, 2.7200772199920102, 3.070077219992008, 3.7200772199920067, 3.570077219992008, 4.72007721999201, 3.2200772199920102, 1.7700772199920074, 2.820077219992008, 1.3200772199920046, 2.9200772199920095, 2.4700772199920067], "both_input_and_output": [0.11505791501542273, 0.4650579150154224, 0.4756756756384952, 0.27567567563849504, 0.5666023165731033, 0.4166023165731034, 0.637837837819248, 0.637837837819248, 0.7000000000000011, 8.881784197001252e-16, 0.15308880311536255, 0.30308880311536246, 0.8254826254437924, 1.3254826254437924, 1.0861003860668643, 1.1361003860668646, 0.37702702700147306, 1.027027027001473, 0.8482625482476176, 0.9482625482476172, 0.8104247104283702, 1.1604247104283703, 0.11351351354373174, 0.8135135135437319, 0.9411196910863486, 0.5911196910863481, 1.101737451709421, 1.2517374517094204, 0.7926640926440296, 0.9926640926440298, 0.7138996138901739, 0.6138996138901733, 0.47606177607092715, 1.1260617760709266, 0.27915057918628783, 0.729150579186288, 1.561969111943089, 1.2119691119430902, 1.322586872566161, 1.4725868725661595, 0.3135135135007676, 1.0135135135007678, 1.3847490347469131, 0.884749034746914, 0.9469111969276653, 0.8969111969276664, 1.0500000000430276, 4.3026915363952867e-11, 1.5484555984423842, 1.798455598442386, 1.559073359065458, 1.259073359065459, 6.750155989720952e-14, 2.2500000000000657, 1.621235521246211, 1.2712355212462114, 1.4333976834269642, 0.3333976834269645, 0.03648648654232822, 0.7364864865423257, 1.9005791505842389, 2.050579150584241, 2.3611969112073083, 3.011196911207307, 2.802123552141918, 3.95212355214192, 2.373359073388066, 0.9233590733880632, 1.835521235568816, 0.3355212355688124, 1.738610038684179, 1.2886100386841761]}