{"input_potential_only": [15.8749999999601, 13.8749999999601, 9.3749999999601, 9.3749999999601, 15.8749999999601, 10.8749999999601, 15.3749999999601, 14.3749999999601, 13.3749999999601, 12.3749999999601, 15.3749999999601, 16.8749999999601, 15.8749999999601, 14.312499999940151, 15.812499999940151, 19.31249999994015, 24.81249999994015, 21.81249999994015, 17.31249999994015, 20.31249999994015, 19.81249999994015, 22.31249999994015, 20.81249999994015, 19.31249999994015, 19.31249999994015, 24.81249999994015, 22.468749999910223, 29.468749999910223, 33.46874999991022, 19.968749999910223, 18.968749999910223, 24.968749999910223, 22.468749999910223, 37.46874999991022, 31.468749999910223, 10.968749999910223, 31.968749999910223, 20.968749999910223, 17.468749999910223, 24.953124999865338, 27.953124999865338, 46.45312499986534, 44.95312499986534, 20.453124999865338, 24.953124999865338, 46.95312499986534, 24.953124999865338, 50.95312499986534, 43.95312499986534, 41.45312499986534, 32.45312499986534, 28.953124999865338, 68.3749999998005, 44.874999999800494, 69.8749999998005, 58.874999999800494, 50.374999999800494, 12.874999999800494, 45.374999999800494, 9.374999999800494, 49.374999999800494, 60.874999999800494, 51.874999999800494, 19.374999999800494, 63.874999999800494, 122.06249999970075, 122.56249999970075, 109.56249999970075, 97.06249999970075, 111.56249999970075, 122.56249999970075, 70.06249999970075, 83.56249999970075, 75.56249999970075, 61.56249999970075, 51.06249999970075, 13.562499999700748, 56.56249999970075, 79.84374999955111, 118.34374999955111, 60.84374999955111, 76.34374999955111, 95.84374999955111, 117.84374999955111, 128.3437499995511, 62.34374999955111, 150.8437499995511, 82.34374999955111, 139.3437499995511, 160.8437499995511, 139.3437499995511], "both_input_and_output": [6.500000000159611, 4.500000000159611, 1.596109910906307e-10, 1.596109910906307e-10, 6.500000000159611, 1.500000000159611, 6.000000000159611, 5.000000000159611, 4.000000000159611, 3.000000000159611, 6.000000000159611, 7.500000000159611, 6.500000000159611, 4.937500000139664, 6.437500000139664, 9.937500000139664, 15.437500000139664, 12.437500000139664, 7.937500000139664, 10.937500000139664, 10.437500000139664, 12.937500000139664, 11.437500000139664, 9.937500000139664, 9.937500000139664, 15.437500000139664, 13.093750000109736, 20.093750000109736, 24.093750000109736, 10.593750000109736, 9.593750000109736, 15.593750000109736, 13.093750000109736, 28.093750000109736, 22.093750000109736, 1.5937500001097362, 22.593750000109736, 11.593750000109736, 8.093750000109736, 15.578125000064851, 18.57812500006485, 37.07812500006485, 35.57812500006485, 11.078125000064851, 15.578125000064851, 37.57812500006485, 15.578125000064851, 41.57812500006485, 34.57812500006485, 32.07812500006485, 23.07812500006485, 19.57812500006485, 59.0, 35.5, 60.5, 49.5, 41.0, 3.5, 36.0, 0.0, 40.0, 51.5, 42.5, 10.0, 54.5, 112.68749999990027, 113.18749999990027, 100.18749999990027, 87.68749999990027, 102.18749999990027, 113.18749999990027, 60.68749999990027, 74.18749999990027, 66.18749999990027, 52.18749999990027, 41.68749999990027, 4.187499999900268, 47.18749999990027, 70.46874999975063, 108.96874999975063, 51.46874999975063, 66.96874999975063, 86.46874999975063, 108.46874999975063, 118.96874999975063, 52.96874999975063, 141.46874999975063, 72.96874999975063, 129.96874999975063, 151.46874999975063, 129.96874999975063]}