{"fid":"concat","typing_context":{"[]":0.15414064828460305,"[::([])]":0.0,"[::([::(*)])]":0.8279466433314333,"[::([]); ::([])]":0.22633654863866348},"return_type":{"[]":0.15414064828460308,"[::(*)]":0.0,"[::(*); ::(*)]":0.001752638271236511},"analysis_time":0.011541000000000246}