{"3":0.0017526382712365113,"4":0.0,"5":0.15414064828460305,"10":0.0017526382712365108,"11":0.0,"12":0.0,"13":0.011316827431933189,"14":0.8279466433314333,"15":0.0}