{"fid":"quicksort","typing_context":{"[]":0.0,"[::(*)]":0.49999999994970057,"[::(*); ::(*)]":0.6000000000153927},"return_type":{"[]":0.0,"[::(*)]":0.0,"[::(*); ::(*)]":0.0},"analysis_time":0.10485699999999909}