{"fid":"round2","typing_context":{"[]":0.0,"[::(*)]":0.8818897637795055},"return_type":{"[]":3.55511811023322,"[::(*)]":0.0},"analysis_time":0.004733999999999794}