{"input_potential_only": [0.8669241579099634, 0.7322682589910343, 0.3272471913513826, 0.04880618003605264, -3.552713678800501e-15, 2.9262640447567367, 2.651860954486434, 3.0040379205404673, 3.7868679773693508, 3.3154845501621217, 3.4343398868467743, 2.058462079459524, 1.030547753585651, 1.1049859557478001, 0.839360955495529, 0.8275983148108246, 1.4181882021621526, 1.9717345501621288, 2.721558988180128, 3.5040379205404673, 2.9390800568288853, 3.362359551423495, 3.1546699446847555, 3.5614466301262055, 3.50087780990998, 2.9608497198919608, 4.908005618810872, 4.433286517477523, 4.1306179778738965, 4.303019663063072, 4.229283707819809, 4.094276684936894, 3.5737359542341594, 3.248771067639666, 2.8110955056576685, 3.057584269549551, 2.279143258234228, 3.2545646064864613, 2.959620786017979, 3.127633426198134, 4.258602527026937, 1.9596207860179788, 1.5458216283602901, 2.6889044933332436, 1.4210854715202004e-14, 0.3906250002522711, 0.17450842745951434, 1.3274227533333942, 0.6523876409369791, 1.2312148881081484, 1.1911867980901292, 1.614115168720737, 3.733321629369385, 3.4548806180540623, 3.9181882021621526, 4.065660112144123, 3.8033707860179717, 3.7828300553152374, 1.972436798090115, 1.232092697009051, 1.3031952250450871, 2.1402738767928184, 2.579705056576614, 3.482092697009051, 3.4868328654775027, 3.9424157304504632, 3.6639747191351475, 3.4181882021621526, 3.332338482774741, 3.7912570218738217, 3.2828300553152374, 2.2775632024144414, 1.5244030902703258, 1.152387640936979, 0.8009129218018387, 0.46997893286489756, 0.5444171350270537, 7.105427357601002e-15, 2.651860954990994, 2.545470505405383, 2.111130617549513, 1.360955055567512, 1.4798103922521655, 5.120786516972984, 4.675737359819848, 3.9027387643964317, 3.6745084274595143, 3.4789325848649213, 3.0129915735495985, 2.8009129218018387, 3.191186798090129, 4.126228932864898, 3.663623595675695, 3.733672752828838, 3.3363764043243087, 3.692942415387357, 3.418539325117056, 3.8404143248647795], "both_input_and_output": [0.8669241579099634, 0.7322682589910343, 0.3272471913513826, 0.04880618003605264, -3.552713678800501e-15, 2.9262640447567367, 2.651860954486434, 3.0040379205404673, 3.7868679773693508, 3.3154845501621217, 3.4343398868467743, 2.058462079459524, 1.030547753585651, 1.1049859557478001, 0.839360955495529, 0.8275983148108246, 1.4181882021621526, 1.9717345501621288, 2.721558988180128, 3.5040379205404673, 2.9390800568288853, 3.362359551423495, 3.1546699446847555, 3.5614466301262055, 3.50087780990998, 2.9608497198919608, 4.908005618810872, 4.433286517477523, 4.1306179778738965, 4.303019663063072, 4.229283707819809, 4.094276684936894, 3.5737359542341594, 3.248771067639666, 2.8110955056576685, 3.057584269549551, 2.279143258234228, 3.2545646064864613, 2.959620786017979, 3.127633426198134, 4.258602527026937, 1.9596207860179788, 1.5458216283602901, 2.6889044933332436, 1.4210854715202004e-14, 0.3906250002522711, 0.17450842745951434, 1.3274227533333942, 0.6523876409369791, 1.2312148881081484, 1.1911867980901292, 1.614115168720737, 3.733321629369385, 3.4548806180540623, 3.9181882021621526, 4.065660112144123, 3.8033707860179717, 3.7828300553152374, 1.972436798090115, 1.232092697009051, 1.3031952250450871, 2.1402738767928184, 2.579705056576614, 3.482092697009051, 3.4868328654775027, 3.9424157304504632, 3.6639747191351475, 3.4181882021621526, 3.332338482774741, 3.7912570218738217, 3.2828300553152374, 2.2775632024144414, 1.5244030902703258, 1.152387640936979, 0.8009129218018387, 0.46997893286489756, 0.5444171350270537, 7.105427357601002e-15, 2.651860954990994, 2.545470505405383, 2.111130617549513, 1.360955055567512, 1.4798103922521655, 5.120786516972984, 4.675737359819848, 3.9027387643964317, 3.6745084274595143, 3.4789325848649213, 3.0129915735495985, 2.8009129218018387, 3.191186798090129, 4.126228932864898, 3.663623595675695, 3.733672752828838, 3.3363764043243087, 3.692942415387357, 3.418539325117056, 3.8404143248647795]}