{"fid":"linear_select","typing_context":{"(*, [])":0.0,"(*, [::(*)])":6.000000000000002},"return_type":{"*":6.000000000000002}}