{"38":6.000000000000002,"37":4.800000000000002,"1":6.000000000000002,"35":3.900000000000004,"36":4.3999999999999995,"44":6.000000000000002,"43":4.800000000000002,"40":0.0,"2":6.000000000000002,"42":0.0,"50":3.4571428571428697,"49":4.800000000000002,"46":0.0,"48":2.242857142857144,"2":6.000000000000002}