{"fid":"quickselect2","typing_context":{"(*, [])":0.0,"(*, [::(*)])":2.6093749999950124,"(*, [::(*); ::(*)])":0.0},"return_type":{"*":9.374999999800488},"analysis_time":0.02438600000000024}