{"input_potential_only": [3.5551181102360436, 3.5551181102360436, 3.5551181102360436, 3.5551181102360436, 3.5551181102360436, 7.082677165354065, 7.082677165354065, 5.082677165354065, 7.082677165354065, 6.082677165354065, 7.874015748031098, 8.374015748031098, 8.374015748031098, 6.874015748031098, 8.374015748031098, 16.311023622046648, 16.311023622046648, 16.311023622046648, 16.311023622046648, 15.311023622046648, 19.775590551180215, 17.775590551180215, 19.775590551180215, 19.775590551180215, 19.275590551180215, 37.41338582677033, 37.41338582677033, 37.41338582677033, 28.41338582677033, 36.41338582677033, 47.87007874015549, 46.87007874015549, 46.87007874015549, 47.87007874015549, 47.87007874015549, 55.55511811023324, 54.05511811023324, 55.55511811023324, 53.55511811023324, 3.555118110233238], "both_input_and_output": [2.823519196226698e-12, 2.823519196226698e-12, 2.823519196226698e-12, 2.823519196226698e-12, 2.823519196226698e-12, 3.527559055120845, 3.527559055120845, 1.5275590551208449, 3.527559055120845, 2.527559055120845, 4.318897637797878, 4.818897637797878, 4.818897637797878, 3.3188976377978783, 4.818897637797878, 12.755905511813427, 12.755905511813427, 12.755905511813427, 12.755905511813427, 11.755905511813427, 16.220472440946995, 14.220472440946995, 16.220472440946995, 16.220472440946995, 15.720472440946995, 33.858267716537114, 33.858267716537114, 33.858267716537114, 24.858267716537114, 32.858267716537114, 44.31496062992227, 43.31496062992227, 43.31496062992227, 44.31496062992227, 44.31496062992227, 52.000000000000014, 50.500000000000014, 52.000000000000014, 50.000000000000014, 1.4210854715202004e-14]}