{"input_potential_only": [0.28749999999933973, 0.7874999999993397, 0.5499999999999847, -1.4210854715202004e-14, 1.4187500000009532, 0.1687500000009532, 0.5968750000024059, 1.4968750000024045, 1.1375000000045041, 1.0375000000045027, 7.73070496506989e-12, 3.2000000000077264, 0.7437500000125823, 1.443750000012571, 1.1343750000198156, 1.1843750000198412], "both_input_and_output": [0.28749999999933973, 0.7874999999993397, 0.5499999999999847, -1.4210854715202004e-14, 1.4187500000009532, 0.1687500000009532, 0.5968750000024059, 1.4968750000024045, 1.1375000000045041, 1.0375000000045027, 7.73070496506989e-12, 3.2000000000077264, 0.7437500000125823, 1.443750000012571, 1.1343750000198156, 1.1843750000198412]}