{"input_potential_only": [0.6928571428561385, 1.3928571428561392, 0.3928571428561387, 0.5428571428561391, 1.0928571428561393, 0.8642857142842093, 1.0642857142842086, 0.9142857142842082, 0.06428571428420948, 0.7642857142842088, 0.6464285714263127, 1.346428571426312, 1.596428571426312, 1.1464285714263127, 0.7964285714263131, 1.219642857139469, 1.719642857139469, 1.5696428571394687, 0.8696428571394677, 0.9696428571394691, 0.06428571428068963, 2.5142857142806996, 0.4642857142806882, 1.3642857142806974, 1.5642857142806967, 1.7214285714210504, 0.6214285714210419, 2.621428571421042, 2.5714285714210376, 2.621428571421035, 4.732142857131571, 2.9821428571315494, 1.0321428571315536, 1.832142857131558, 1.1321428571315693], "both_input_and_output": [0.6285714285753894, 1.32857142857539, 0.32857142857538957, 0.4785714285753899, 1.0285714285753902, 0.8000000000034602, 1.0000000000034595, 0.8500000000034591, 3.460343123151688e-12, 0.7000000000034596, 0.5821428571455645, 1.2821428571455638, 1.5321428571455638, 1.0821428571455645, 0.7321428571455648, 1.155357142858719, 1.655357142858719, 1.5053571428587187, 0.8053571428587176, 0.905357142858719, -6.039613253960852e-14, 2.4499999999999496, 0.3999999999999382, 1.2999999999999474, 1.4999999999999467, 1.6571428571403004, 0.5571428571402919, 2.557142857140292, 2.5071428571402876, 2.5571428571402848, 4.667857142850821, 2.9178571428507993, 0.9678571428508036, 1.7678571428508079, 1.0678571428508192]}