{"fid":"z_algorithm2","typing_context":{"[]":0.0,"[::(*)]":0.6303571428570174},"return_type":{"[]":0.06428571428074888,"[::(*)]":0.0}}