{"input_potential_only": [3.638200851696638e-13, 0.3500000000003638, 0.20000000000036378, 0.3500000000003638, 0.20000000000036378, 3.638200851696638e-13, 0.20000000000036378, 0.20000000000036378, 3.638200851696638e-13, 3.638200851696638e-13, 0.20000000000036378, 0.3500000000003638, 3.638200851696638e-13, 3.638200851696638e-13, 0.3500000000003638, 0.20000000000036378], "both_input_and_output": [3.638200851696638e-13, 0.3500000000003638, 0.20000000000036378, 0.3500000000003638, 0.20000000000036378, 3.638200851696638e-13, 0.20000000000036378, 0.20000000000036378, 3.638200851696638e-13, 3.638200851696638e-13, 0.20000000000036378, 0.3500000000003638, 3.638200851696638e-13, 3.638200851696638e-13, 0.3500000000003638, 0.20000000000036378]}