{"fid":"quickselect","typing_context":{"(*, [])":0.0,"(*, [::(*)])":0.49999999970214903,"(*, [::(*); ::(*)])":0.49999999999261063},"return_type":{"*":-2.978578431553472e-10},"analysis_time":0.19445699999999988}