{"fid":"quickselect","typing_context":{"(*, [])":0.0,"(*, [::(*)])":0.49999999968628434,"(*, [::(*); ::(*)])":0.500000000049977},"return_type":{"*":-3.1383283752067147e-10}}