{"input_potential_only": [2.5499999999861047, 2.5499999999861047, 2.8999999999870973, 2.8999999999870973, 2.8999999999885864, 2.8999999999885864, 2.8999999999905715, 2.8999999999905715, 2.8999999999940456, 2.7499999999940457, 2.8999999999990083, 2.8999999999990083, 4.249999999978165, 4.599999999978165, 4.599999999979158, 4.599999999979158, 4.599999999980646, 4.599999999980646, 4.449999999982631, 4.599999999982631, 4.249999999986105, 4.599999999986105, 4.449999999991068, 4.599999999991068, 6.9999999999662545, 6.799999999966255, 7.149999999967248, 7.149999999967248, 7.1499999999687365, 6.799999999968737, 7.1499999999707216, 7.1499999999707216, 6.799999999974196, 6.999999999974195, 7.149999999979158, 7.149999999979158, 10.199999999950375, 10.399999999950374, 10.549999999951366, 10.399999999951365, 10.199999999952855, 10.549999999952854, 10.19999999995484, 10.54999999995484, 10.399999999958315, 10.399999999958315, 10.549999999963278, 10.199999999963278, 16.499999999922583, 16.14999999992258, 16.149999999923573, 16.499999999923574, 16.349999999925064, 16.499999999925063, 16.49999999992705, 16.49999999992705, 16.14999999993052, 16.499999999930523, 16.349999999935488, 16.149999999935485, 24.649999999882883, 24.999999999882885, 24.999999999883876, 24.999999999883876, 24.999999999885365, 24.849999999885366, 24.99999999988735, 24.99999999988735, 24.649999999890824, 24.999999999890825, 24.99999999989579, 24.649999999895787], "both_input_and_output": [-1.1984857550828565e-12, -1.1984857550828565e-12, 0.35000000000011644, 0.35000000000011644, 0.35000000000208953, 0.35000000000208953, 0.3500000000047203, 0.3500000000047203, 0.3500000000093242, 0.20000000000932416, 0.35000000001590026, 0.35000000001590026, -1.1043388425946432e-12, 0.34999999999889564, 0.35000000000021103, 0.35000000000021103, 0.3500000000021837, 0.3500000000021837, 0.20000000000481444, 0.35000000000481446, 9.41791089559274e-12, 0.3500000000094179, 0.20000000001599483, 0.35000000001599485, 0.19999999999903684, -9.631184738623233e-13, 0.35000000000035225, 0.35000000000035225, 0.3500000000023249, 2.3249180358675403e-12, 0.3500000000049557, 0.3500000000049557, 9.55913126432506e-12, 0.2000000000095591, 0.35000000001613607, 0.35000000001613607, -7.76601005725297e-13, 0.19999999999922335, 0.3500000000005379, 0.20000000000053786, 2.5114355040045666e-12, 0.3500000000025114, 5.1422199831563375e-12, 0.3500000000051422, 0.2000000000097465, 0.2000000000097465, 0.3500000000163226, 1.6322609930341514e-11, 0.3499999999995538, -4.461986335968504e-13, 8.683054275593349e-13, 0.3500000000008683, 0.20000000000284002, 0.35000000000284004, 0.35000000000546905, 0.35000000000546905, 1.0073386569331433e-11, 0.35000000001007336, 0.20000000001665297, 1.665301230246996e-11, 2.631228568361621e-14, 0.3500000000000263, 0.3500000000013408, 0.3500000000013408, 0.35000000000331255, 0.20000000000331253, 0.35000000000594156, 0.35000000000594156, 1.05458974886119e-11, 0.3500000000105459, 0.3500000000171255, 1.7125523221750427e-11]}