{"fid":"even_split_odd_tail2","typing_context":{"[]":15.214285714281667,"[::(*)]":1.325396825396975},"return_type":{"[]":0.0,"[::(*)]":0.0}}