{"fid":"concat","typing_context":{"[]":[0.0,0.0,0.0,0.0,0.0,0.0,0.0,0.0,0.0,0.0,0.0,0.0,0.0,0.0,0.0,0.0,0.0,0.0,0.0,0.0,0.0,0.0,0.0,0.0,0.0,0.0,0.0,0.0,0.0,0.0,0.0,0.0,0.0,0.0,0.0,0.0,0.0,0.0,0.0,0.0,0.0,0.0,0.0,0.0,0.0,0.0,0.0,0.0,0.0,0.0,0.0,0.0,0.0,0.0,0.0,0.0,0.0,0.0,0.0,0.0,0.0,0.0,0.0,0.0,0.0,0.0,0.0,0.0,0.0,0.0,0.0,0.0,0.0,0.0,0.0,0.0,0.0,0.0,0.0,0.0,0.0,0.0,0.0,0.0,0.0,0.0,0.0,0.0,0.0,0.0,0.0,0.0,0.0,0.0,0.0,0.0,0.0,0.0,0.0,0.0,0.0,0.0,0.0,0.0,0.0,0.0,0.0,0.0,0.0,0.0,0.0,0.0,0.0,0.0,0.0,0.0,0.0,0.0,0.0,0.0,0.0,0.0,0.0,0.0,0.0,0.0,0.0,0.0,0.0,0.0,0.0,0.0,0.0,0.0,0.0,0.0,0.0,0.0,0.0,0.0,0.0,0.0,0.0,0.0,0.0,0.0,0.0,0.0,0.0,0.0,0.0,0.0,0.0,0.0,0.0,0.0,0.0,0.0,0.0,0.0,0.0,0.0,0.0,0.0,0.0,0.0,0.0,0.0,0.0,0.0,0.0,0.0,0.0,0.0,0.0,0.0,0.0,0.0,0.0,0.0,0.0,0.0,0.0,0.0,0.0,0.0,0.0,0.0,0.0,0.0,0.0,0.0,0.0,0.0,0.0,0.0,0.0,0.0,0.0,0.0],"[::([])]":[0.37989393313908765,0.37989393313908765,0.44858575873709955,0.6878282681623603,0.4543225774974197,0.6098305521026683,1.1265356050039763,1.6449673259823974,0.6954874884799132,0.7306333623091102,0.14209153499016317,1.303635141612125,0.21015356267598537,1.0805803096348152,0.7828097172761208,1.5848130757293084,1.5848130757293084,1.0113785398978774,0.8003973139353727,1.9191527802087451,0.35560181075057995,1.268911414068871,0.766258089943029,0.42722670654676276,1.143305747229644,1.143305747229644,0.552607938779901,0.06919394636233268,0.32017115745618235,0.5009287294878335,1.2922744987389583,0.7547579255965347,0.7547579255965347,0.6767997664353393,0.9671762607459673,0.9671762607459673,0.2958705475768556,0.5134680810297049,0.5404937903208995,0.22248853512525066,0.22248853512525066,0.22248853512525066,0.9995529401264631,1.3693985861331508,1.2065081747986293,0.9922146712288904,2.2720249637821577,0.7273302440476421,0.7273302440476421,1.3309822640899382,0.3473991610965777,0.6165964805596154,0.8014547924789683,0.3882395243476876,0.2438338372518023,1.6655787371789388,1.2235858572845535,1.7725448653159912,2.1641991188437224,2.1641991188437224,1.8692000226372036,1.7051670348836099,0.08116821932497972,0.08116821932497972,2.054687329943195,2.054687329943195,0.1101656398571033,0.7317010028053487,0.7922070752126753,0.7922070752126753,1.6693799170101704,1.1109571858190908,0.28866538554078564,2.0065381267485223,1.4309406198017594,0.4457642826624613,1.5852745793163805,1.3809280861307494,0.5745788868683349,1.2210927974251864,0.49858823801640617,0.17456680870207197,0.17456680870207197,0.40717058898993924,1.1198947509730335,0.5274668949102383,0.311187654427801,2.062325657451876,2.6972846605152996,1.301994009890403,0.46170987681813236,1.983913015821488,1.983913015821488,1.983913015821488,0.9490074597872993,1.03350624276811,1.0949917401381029,0.28275937615594887,0.7881786548845633,0.7328635344670229,0.4679519760921795,1.224987862085243,0.34426557592691615,2.323689373856184,1.136574055016605,1.870051534086766,1.1967864342894377,1.643236874325932,0.23329624849417632,0.36655790130742094,1.5176375641130944,0.1308253513304132,0.07987618220941187,1.0667492778150134,1.3269818415182424,0.5322562611187684,0.6593617942864736,0.6593617942864736,1.2751367406041925,0.306817633928259,0.36912119258159676,0.5703231625037186,0.34901357982370557,0.34901357982370557,0.5427473761664637,1.0525340242004426,0.4814156111054425,1.1369298411355375,0.8040798078876765,1.882408094030794,1.9143247189978099,0.05290974674563938,1.3534354168496894,1.2421697032012873,0.6628468053747377,0.425723751383298,0.425723751383298,0.6793564769673331,0.025639812134053364,1.0014323738552713,1.4112897654091892,1.1617863488098548,1.1617863488098548,0.9349811376347937,0.8523772268915608,0.8523772268915608,1.9054078072297131,1.3212360611230038,1.3212360611230038,0.4035903840416383,0.8393702285411192,0.7771444350691162,0.28697076455382636,0.5969958000808674,0.2646017776441362,0.9515403071911538,0.7578776465251388,0.9513219255834535,1.7148562758654653,1.411716280216641,0.5227768086289608,0.803935446404619,0.048612640440675904,1.2532828164208103,0.5684068813630604,0.7912665079398605,0.36929519889535556,0.36929519889535556,1.8846070826268098,1.8846070826268098,0.06801386016711498,1.3542090302235104,1.1225904381191683,2.379535649282874,1.6474400930970217,3.040796809217108,3.040796809217108,0.697367498716133,0.697367498716133,0.649177736412231,0.529085499520268,0.2852084417454056,0.3238085744601735,0.7418988218179431,0.7418988218179431,0.64894941523095,1.4069301915558354,1.2810557443328003,1.3973957865123277,2.5066235240501062,1.1695655624571435,0.7761393044953474,1.5650588369770546,0.7463626313135033,0.6790963655953236,0.6790963655953236,0.32945298909824267,0.48639595633536814,1.344933185884829,0.5679962225786495],