{"fid":"concat","typing_context":{"[]":[0.0,0.0,0.0,0.0,0.0,0.0,0.0,0.0,0.0,0.0,0.0,0.0,0.0,0.0,0.0,0.0,0.0,0.0,0.0,0.0,0.0,0.0,0.0,0.0,0.0,0.0,0.0,0.0,0.0,0.0,0.0,0.0,0.0,0.0,0.0,0.0,0.0,0.0,0.0,0.0,0.0,0.0,0.0,0.0,0.0,0.0,0.0,0.0,0.0,0.0,0.0,0.0,0.0,0.0,0.0,0.0,0.0,0.0,0.0,0.0,0.0,0.0,0.0,0.0,0.0,0.0,0.0,0.0,0.0,0.0,0.0,0.0,0.0,0.0,0.0,0.0,0.0,0.0,0.0,0.0,0.0,0.0,0.0,0.0,0.0,0.0,0.0,0.0,0.0,0.0,0.0,0.0,0.0,0.0,0.0,0.0,0.0,0.0,0.0,0.0,0.0,0.0,0.0,0.0,0.0,0.0,0.0,0.0,0.0,0.0,0.0,0.0,0.0,0.0,0.0,0.0,0.0,0.0,0.0,0.0,0.0,0.0,0.0,0.0,0.0,0.0,0.0,0.0,0.0,0.0,0.0,0.0,0.0,0.0,0.0,0.0,0.0,0.0,0.0,0.0,0.0,0.0,0.0,0.0,0.0,0.0,0.0,0.0,0.0,0.0,0.0,0.0,0.0,0.0,0.0,0.0,0.0,0.0,0.0,0.0,0.0,0.0,0.0,0.0,0.0,0.0,0.0,0.0,0.0,0.0,0.0,0.0,0.0,0.0,0.0,0.0,0.0,0.0,0.0,0.0,0.0,0.0,0.0,0.0,0.0,0.0,0.0,0.0,0.0,0.0,0.0,0.0,0.0,0.0,0.0,0.0,0.0,0.0,0.0,0.0],"[::([])]":[0.20038373637238027,0.5592940632675292,0.6321146701936162,1.2052379391151913,0.022050535230980512,0.022050535230980512,0.022050535230980512,1.1329019954010395,0.6472015609934397,1.0180163557122759,1.0180163557122759,0.6454343056380333,2.463903025458497,0.4289077053260165,0.4289077053260165,0.4289077053260165,0.4289077053260165,0.20210596442282114,2.2476575178104747,1.797343290467372,1.797343290467372,0.9690351627038871,0.14881403133188836,0.14881403133188836,1.889605225768764,1.291302281731248,0.9809706021385531,1.56732689090613,1.6021374512238293,0.34268052626785345,0.8432181806129372,0.6867266075088519,0.6057365134427133,0.5594818629684756,0.2038141238848285,0.13534585629773313,0.6865601311221587,0.6865601311221587,0.10890425078000442,0.9597351688799,1.389792629314024,0.5387919283403538,0.8003524452034925,0.8003524452034925,1.0843993807742798,1.0843993807742798,0.2422831475706332,1.3223178219182734,0.44789427686455874,0.6129574260349352,0.17962308703391172,1.4966359064346666,0.1017864577282505,0.1017864577282505,0.5964485305208301,0.8569670652459748,0.14544400568781635,0.718776104505203,1.1479946810545774,1.1479946810545774,0.3687599070578481,0.3687599070578481,0.40174980267284793,0.40174980267284793,1.2134706264391952,1.2134706264391952,1.2134706264391952,0.915500949604423,0.15552635521998648,0.15552635521998648,1.6818328566494505,2.073909316819399,2.073909316819399,0.18368402294884975,1.6362468514352806,1.7282183114299559,0.824213107163399,0.8131921758329026,0.14380299639433067,0.4801755236161965,0.9664409506195266,0.146022143644981,0.10594757295865355,0.016221791169551046,0.8355700136498261,1.0875672811624224,0.42465299030084125,0.7942404119163432,0.06720685900501552,0.9923095038843593,0.6444731183325676,0.6112287646401647,0.3794565943430547,1.5327787935743615,1.227205767878253,0.8970963923089001,1.090460613786852,0.08196679749391435,0.9303811195253608,0.25612726194342605,1.4458658783803633,0.6114522557031531,0.6114522557031531,0.12001584638454872,0.46736576827650383,0.4916095594849205,0.4916095594849205,0.9889458405256158,0.6082096551014637,0.6082096551014637,0.21298851309929018,0.9562843517215418,0.7184670999235262,0.18284410850111246,1.9780376582199188,1.4335005237907101,0.6433949911918504,0.6433949911918504,0.5570275789161762,0.689981810656988,1.3084071500356795,0.3119402736468247,0.3119402736468247,0.3119402736468247,0.5946343175795514,0.9890679918910987,0.40387739118409827,0.5531972009464656,0.5531972009464656,0.8438667737618267,0.8438667737618267,1.0809363745692402,0.22159103967331104,0.16811024558738524,1.8963313080802944,1.8963313080802944,1.3203127678756048,1.710340972285656,1.710340972285656,0.18124360329214964,0.8937456033563319,0.6752603411211243,0.13524332494871014,0.8007781098806859,0.8583682316518221,1.5669402756051958,2.324438024592301,0.15903070819407097,0.7457387004055173,1.0850134961120705,0.30094008237499087,1.0086280211236258,0.09376138489240128,1.0362759946545606,2.1815326512986726,1.7464596272717094,2.0147011452926757,0.7596464786823197,0.7596464786823197,0.33482409692270065,0.224850136944374,0.5367501955518088,0.7058585719547266,1.9523388815667437,1.869541989473799,1.869541989473799,0.22768467956042815,0.6033643475619201,1.1472275151555904,0.5416155962191816,0.6425247275908756,1.3737584681357287,0.43969371870274215,1.5296079783139191,1.3382277192561964,0.439436944632813,2.2850433763054556,2.568077285557223,2.8847046034017554,2.989212868862242,1.0189955852750403,0.8689618117273351,0.0006474507469165063,1.123030206822524,0.4435013395696853,1.0857332378344133,1.5302236439231593,1.5302236439231593,1.8266374003380637,0.44979235226280206,0.7734695600053464,1.3545347372554657,0.2477038876491672,2.5313307179688977,1.4259446061169583,0.5756776920862514,1.0520739321141463,0.4166043413323686,2.3094516461231667,0.8214643212727988],